-- --------------------------------------------------------
-- 主機:                           127.0.0.1
-- 伺服器版本:                        10.11.6-MariaDB - mariadb.org binary distribution
-- 伺服器作業系統:                      Win64
-- HeidiSQL 版本:                  12.6.0.6765
-- --------------------------------------------------------

/*!40101 SET @OLD_CHARACTER_SET_CLIENT=@@CHARACTER_SET_CLIENT */;
/*!40101 SET NAMES utf8 */;
/*!50503 SET NAMES utf8mb4 */;
/*!40103 SET @OLD_TIME_ZONE=@@TIME_ZONE */;
/*!40103 SET TIME_ZONE='+00:00' */;
/*!40014 SET @OLD_FOREIGN_KEY_CHECKS=@@FOREIGN_KEY_CHECKS, FOREIGN_KEY_CHECKS=0 */;
/*!40101 SET @OLD_SQL_MODE=@@SQL_MODE, SQL_MODE='NO_AUTO_VALUE_ON_ZERO' */;
/*!40111 SET @OLD_SQL_NOTES=@@SQL_NOTES, SQL_NOTES=0 */;


-- 傾印 ipc_part_config 的資料庫結構
CREATE DATABASE IF NOT EXISTS `ipc_part_config` /*!40100 DEFAULT CHARACTER SET utf8mb4 COLLATE utf8mb4_general_ci */;
USE `ipc_part_config`;

-- 傾印  資料表 ipc_part_config.adapter_bracket 結構
CREATE TABLE IF NOT EXISTS `adapter_bracket` (
  `item_no` varchar(20) NOT NULL,
  `product name` varchar(40) DEFAULT NULL,
  `color` varchar(5) DEFAULT 'black',
  `from_number` longtext CHARACTER SET utf8mb4 COLLATE utf8mb4_bin DEFAULT NULL CHECK (json_valid(`from_number`)),
  `to` varchar(5) DEFAULT NULL,
  `type` varchar(20) DEFAULT NULL,
  PRIMARY KEY (`item_no`)
) ENGINE=InnoDB DEFAULT CHARSET=utf8mb3 COLLATE=utf8mb3_general_ci;

-- 正在傾印表格  ipc_part_config.adapter_bracket 的資料：~8 rows (近似值)
REPLACE INTO `adapter_bracket` (`item_no`, `product name`, `color`, `from_number`, `to`, `type`) VALUES
	('29-033B0-0100', 'SATA HDD Removable Kit 3.5", Black ', 'black', '[["3.5",1]]', '5.25', 'Removable kit'),
	('29-033B0-0110', 'SATA HDD Removable Kit 3.5",White', 'white', '[["3.5",1]]', '5.25', 'Removable kit'),
	('29-033BA-0130', 'SATA SSD/HDD(2.5") Removable Kit 5.25"', 'black', '[["2.5",2],["3.5",1]]', '5.25', 'Removable kit'),
	('29-046B0-0010', 'SATA/SAS HDD/SSD Removable Kit 2.5"', 'black', '[["2.5",1]]', '3.5', 'Removable kit'),
	('34-30264-1000', 'Holder Bracket 3.5" to 5.25"', NULL, '[["3.5",1]]', '5.25', 'Drive bay'),
	('34-30500-0000', '3.5" to 5.25" Drive Bay', 'white', '[["3.5",1]]', '5.25', 'Drive bay with panel'),
	('34-32098-0000', '	3.5" to 5.25" Drive Bay" ', 'black', '[["3.5",1]]', '5.25', 'Drive bay with panel'),
	('58-80024-0000', '2.5" to 3.5" HDD Adapter Bracket ', NULL, '[["2.5",1]]', '3.5', 'Drive bay');

-- 傾印  資料表 ipc_part_config.assembly 結構
CREATE TABLE IF NOT EXISTS `assembly` (
  `item_no` varchar(20) NOT NULL,
  `product name` varchar(35) DEFAULT NULL,
  `parts` longtext CHARACTER SET utf8mb4 COLLATE utf8mb4_bin DEFAULT NULL CHECK (json_valid(`parts`)),
  PRIMARY KEY (`item_no`)
) ENGINE=InnoDB DEFAULT CHARSET=utf8mb3 COLLATE=utf8mb3_general_ci;

-- 正在傾印表格  ipc_part_config.assembly 的資料：~11 rows (近似值)
REPLACE INTO `assembly` (`item_no`, `product name`, `parts`) VALUES
	('91-41809-0000', 'NuPRO-E43', '[["59-41809-0000", 1], ["30-10057-7000", 2],["30-25003-1000",1],["30-25046-0100",1]]'),
	('91-41809-0400', 'NuPRO-E43-WRE', '[["59-41809-0400", 1], ["30-10057-7000", 2],["30-25003-1000",1],["30-25046-0100",1]]'),
	('91-41810-0000', 'NuPRO-E47', '[["59-41810-0000", 1], ["30-10057-7000", 2], ["30-25003-1000", 1], ["30-25046-0110-A0", 1]]'),
	('91-41810-0100', 'NuPRO-E47', '[["59-41810-0100", 1], ["30-10057-7000", 2], ["30-25003-1000", 1], ["30-25046-0110-A0", 1]]'),
	('91-44702-1000', 'IMB-M43', '[["59-44702-1000", 1]]'),
	('91-44702-8000', 'IMB-M43/AUO OPEN (w/o Audio)', '[["59-44702-8000", 1]]'),
	('91-44702-800E', 'IMB-M43/AUO OPEN', '[["59-44702-800E", 1]]'),
	('91-44702-9000', 'IMB-M43-WRE', '[["59-44702-9000", 1]]'),
	('9A-100N5-T00E', 'RK410W-13E2-E43', '[["56-47048-1100", 1], ["91-41809-0000", 1]]'),
	('9A-116N5-T00E', 'RK610W-13E2-E43', '[["56-47065-2010", 1],["91-41809-0000",1],["91-46709-0000",1]]'),
	('9A-116N5-U00E', 'RK610W-13E4-E43', '[["56-47065-2010", 1], ["91-41809-0000", 1]]');

-- 傾印  資料表 ipc_part_config.backplane 結構
CREATE TABLE IF NOT EXISTS `backplane` (
  `item_no` varchar(50) NOT NULL,
  `product name` varchar(50) DEFAULT NULL,
  `IPC_no` varchar(10) DEFAULT NULL,
  `unsup` longtext CHARACTER SET utf8mb3 COLLATE utf8mb3_general_ci DEFAULT NULL,
  `need_latch` longtext DEFAULT NULL,
  `motherboard position` int(11) DEFAULT NULL,
  `usb2.0` int(11) DEFAULT NULL,
  PRIMARY KEY (`item_no`),
  CONSTRAINT `unsup` CHECK (json_valid(`unsup`)),
  CONSTRAINT `need_latch` CHECK (json_valid(`need_latch`))
) ENGINE=InnoDB DEFAULT CHARSET=utf8mb4 COLLATE=utf8mb4_general_ci;

-- 正在傾印表格  ipc_part_config.backplane 的資料：~7 rows (近似值)
REPLACE INTO `backplane` (`item_no`, `product name`, `IPC_no`, `unsup`, `need_latch`, `motherboard position`, `usb2.0`) VALUES
	('91-46603-0000', 'EBP-10E5', 'S', NULL, NULL, 7, 4),
	('91-46703-0000', 'EBP-13E4', 'U', NULL, NULL, 1, 4),
	('91-46705-0000', 'EBP-9E5', 'R', NULL, NULL, 6, 4),
	('91-46709-0000', 'EBP-13E2', 'T', NULL, NULL, 1, 4),
	('91-46714-0000', 'WBP-13E4', 'V', '["2"]', NULL, 7, 2),
	('95-19000-0000', 'EBP-9E2', 'Q', NULL, '["39-00298-0000-A0"]', 1, 4),
	('95-19019-0000', 'WBP-13E8', 'W', NULL, NULL, 1, 4);

-- 傾印  資料表 ipc_part_config.chassis 結構
CREATE TABLE IF NOT EXISTS `chassis` (
  `item_no` varchar(20) NOT NULL,
  `product name` varchar(20) DEFAULT NULL,
  `IPC_no` varchar(10) DEFAULT NULL,
  `particularity_name` varchar(20) DEFAULT NULL,
  `3.5 inch driver bay` int(10) DEFAULT NULL,
  `3.5” front external` int(11) DEFAULT 1,
  `5.25 inch driver bay` int(10) DEFAULT NULL,
  `3.5> 2.5 inch driver bay` int(10) DEFAULT NULL,
  `2.5" inch driver` int(11) DEFAULT 0,
  `5.25> 3.5 inch front external` int(11) DEFAULT NULL,
  `nameplate` blob DEFAULT NULL,
  `color` varchar(10) DEFAULT NULL,
  `extra_sup` longtext CHARACTER SET utf8mb4 COLLATE utf8mb4_bin DEFAULT NULL,
  `support psu` longtext DEFAULT NULL,
  `slot` int(10) DEFAULT NULL,
  `connect_problem` longtext DEFAULT NULL,
  `connect_item` longtext DEFAULT NULL,
  `frontusb` int(10) DEFAULT 0,
  `height(U)` int(11) DEFAULT NULL,
  PRIMARY KEY (`item_no`),
  CONSTRAINT `extra_sup` CHECK (json_valid(`extra_sup`)),
  CONSTRAINT `connect_problem` CHECK (json_valid(`connect_problem`)),
  CONSTRAINT `connect_item` CHECK (json_valid(`connect_item`))
) ENGINE=InnoDB DEFAULT CHARSET=utf8mb3 COLLATE=utf8mb3_general_ci;

-- 正在傾印表格  ipc_part_config.chassis 的資料：~23 rows (近似值)
REPLACE INTO `chassis` (`item_no`, `product name`, `IPC_no`, `particularity_name`, `3.5 inch driver bay`, `3.5” front external`, `5.25 inch driver bay`, `3.5> 2.5 inch driver bay`, `2.5" inch driver`, `5.25> 3.5 inch front external`, `nameplate`, `color`, `extra_sup`, `support psu`, `slot`, `connect_problem`, `connect_item`, `frontusb`, `height(U)`) VALUES
	('56-47023-1110-A0', 'RK-410MB', '126', NULL, 0, 1, 3, 0, 0, 1, _binary 0x30, 'black', '["30-20264-1000"]', '300', 7, NULL, NULL, 2, 4),
	('56-47023-1210-A0', 'RK-410SX ', '100', NULL, 0, 1, 3, 0, 0, 1, _binary 0x30, 'white', NULL, '300', 15, NULL, NULL, 2, 4),
	('56-47048-1100', 'RK-410FS', '100', NULL, 0, 1, 3, 0, 0, 1, _binary 0x30, 'white', NULL, '300', 15, NULL, NULL, 2, 4),
	('56-47048-1110-A0', 'RK-410FS', '100', NULL, 0, 1, 3, 0, 0, 1, _binary 0x30, 'white', NULL, '300', 15, NULL, NULL, 2, 4),
	('56-47048-1210-A0', 'RK-410FS', '100', NULL, 0, 1, 3, 0, 0, 1, _binary 0x30, 'white', NULL, '300', 15, NULL, NULL, 2, 4),
	('56-47048-1410-A0', 'RK-410FS-CW', '101', 'RK410-FS-CW', 0, 1, 3, 0, 0, 1, _binary 0x30, 'white', NULL, '300', 15, NULL, NULL, 2, 4),
	('56-47048-2110-A0', 'RK-410FS', '126', NULL, 0, 1, 3, 0, 0, 1, _binary 0x30, 'black', NULL, '300', 15, NULL, NULL, 2, 4),
	('56-47048-2310-A0', 'RK-410FS', '126', NULL, 0, 1, 3, 0, 0, 1, _binary 0x30, 'black', NULL, '300', 15, NULL, NULL, 2, 4),
	('56-47062-2110', 'RK-608MB-C', '002', 'RK608W', 1, 2, 1, 0, 0, 0, _binary 0x31, 'white', '["30-20264-1000"]', '300', 7, NULL, NULL, 2, 4),
	('56-47065-2010', 'RK-610A-W', '116', NULL, 1, 1, 3, 0, 0, 0, _binary 0x31, 'white', NULL, '300', 14, '[["PSU","31-01244-0000-A0"]]', '[["Latch","34-34815-0000-A0"]]', 2, 4),
	('56-47117-0000', 'JY-486', '000', 'JY486', 1, 0, 3, 1, 0, 3, _binary 0x30, 'Beige', NULL, NULL, 7, NULL, NULL, 2, 4),
	('56-47122-0130-A0', 'RK-620-W', '117', NULL, 1, 1, 1, 0, 1, 0, _binary 0x31, 'white', NULL, '300', 14, NULL, NULL, 2, 4),
	('56-47122-0140-A0', 'RK-620B-W', '117', NULL, 1, 1, 1, 0, 1, 0, _binary 0x31, 'white', NULL, '300', 14, NULL, NULL, 2, 4),
	('56-47124-0130-A0', 'RK-620MB-W', '117', NULL, 1, 1, 2, 0, 1, 0, _binary 0x31, 'white', '["36-00473-0000"]', '300', 7, NULL, NULL, 2, 4),
	('56-47124-0140-A0', 'RK-620MB-W', '117', NULL, 1, 1, 2, 0, 1, 0, _binary 0x31, 'white', NULL, '300', 7, NULL, NULL, 2, 4),
	('56-47124-1130-A0', 'RK-620MB', '117', NULL, 1, 1, 2, 0, 1, 0, _binary 0x31, 'black', '["36-00473-0000"]', '300', 7, NULL, NULL, 2, 4),
	('56-47148-0000-A0', 'RK-609B', '003', 'RK609W', 0, 2, 2, 0, 0, 0, _binary 0x31, 'white', NULL, '300', 10, NULL, NULL, 2, 4),
	('56-47148-0010-A0', 'RK-609B', '003', 'RK609W', 0, 2, 2, 0, 0, 0, _binary 0x31, 'white', NULL, '300', 10, NULL, NULL, 2, 4),
	('56-47149-0000-A0', 'RK-609MB', '003', 'RK609W', 1, 2, 2, 1, 0, 0, _binary 0x31, 'white', NULL, '300', 7, NULL, NULL, 2, 4),
	('56-47149-0010-A0', 'RK-609MB', '003', 'RK609W', 1, 2, 2, 1, 0, 0, _binary 0x31, 'white', NULL, '300', 7, NULL, NULL, 2, 4),
	('56-47165-0000-A0', 'RK-270MB-LH', '270', 'RK270BL', 3, 0, 1, 0, 0, 0, _binary 0x31, 'black', NULL, '300', 7, NULL, NULL, 0, 2),
	('56-60006-0000-A0', 'RK-500-L', '310', 'RK500WL', 2, 0, 1, 2, 0, 0, _binary 0x31, 'white', NULL, '300', 7, NULL, NULL, 0, 4),
	('56-70003-0000-A0', 'CS-W43MB-12C', '420', 'W43B', 4, 0, 2, 2, 0, 0, _binary 0x31, 'black', NULL, '300', 7, '[["PSU","31-01244-0000-A0"]]', '[["Latch","34-34815-0000-A0"]]', 2, 4);

-- 傾印  資料表 ipc_part_config.cooler 結構
CREATE TABLE IF NOT EXISTS `cooler` (
  `item_no` varchar(20) NOT NULL,
  `height(U)` int(11) DEFAULT 0,
  `W` varchar(20) DEFAULT NULL,
  `generation` varchar(20) DEFAULT NULL,
  PRIMARY KEY (`item_no`)
) ENGINE=InnoDB DEFAULT CHARSET=utf8mb4 COLLATE=utf8mb4_general_ci;

-- 正在傾印表格  ipc_part_config.cooler 的資料：~8 rows (近似值)
REPLACE INTO `cooler` (`item_no`, `height(U)`, `W`, `generation`) VALUES
	('32-20113-0000', 3, '<=65', '<12'),
	('32-20113-2000', 2, '<=65', '<12'),
	('32-20131-0010-A0', 1, '<=65', '<12'),
	('32-20831-0000-A0', 0, '<=125', '<12'),
	('32-20976-0000-A0', 2, '<=65', '>=12'),
	('32-21002-0000-A0', 1, '<=65', '>=12'),
	('32-21041-0000-A0', 2, '<=125', '>=12'),
	('32-21058-0000-A0', 3, '<=125', '>=12');

-- 傾印  資料表 ipc_part_config.cpu 結構
CREATE TABLE IF NOT EXISTS `cpu` (
  `item_no` varchar(20) NOT NULL,
  `product name` varchar(20) DEFAULT NULL,
  `series` varchar(10) DEFAULT NULL,
  `frequency` decimal(5,2) DEFAULT NULL,
  `W` varchar(20) DEFAULT NULL,
  `generation` varchar(20) DEFAULT NULL,
  PRIMARY KEY (`item_no`)
) ENGINE=InnoDB DEFAULT CHARSET=utf8mb3 COLLATE=utf8mb3_general_ci;

-- 正在傾印表格  ipc_part_config.cpu 的資料：~57 rows (近似值)
REPLACE INTO `cpu` (`item_no`, `product name`, `series`, `frequency`, `W`, `generation`) VALUES
	('01-12100-0010', 'i3-12100E', 'i3', 4.20, '<=65', '>=12'),
	('01-12500-0010', 'i5-12500E', 'i5', 4.50, '<=65', '>=12'),
	('01-12700-0010', 'i7-12700E', 'i7', 4.80, '<=65', '>=12'),
	('01-12900-0010', 'i9-12900E', 'i9', 5.00, '<=65', '>=12'),
	('01-13700-0000', 'i7-13700TE', 'i7', 4.80, '<=65', '>=12'),
	('01-13700-0010', 'i7-13700E', 'i7', 5.10, '<=65', '>=12'),
	('01-13900-0000', 'i9-13900TE', 'i9', 5.00, '<=65', '>=12'),
	('01-13900-0010', 'i9-13900E', 'i9', 5.20, '<=65', '>=12'),
	('01-I3320-0000', 'i3-10100E', 'i3', 3.20, '<=65', '<12'),
	('01-I5310-0000', 'i5-10500', 'i5', 3.10, '<=65', '<12'),
	('01-I7200-00A0', 'i7-10700', 'i7', 2.00, '<=65', '<12'),
	('01-I7220-0040', 'i3-9100', 'i3', 2.20, '<=65', '<12'),
	('01-I7230-0030', 'i5-6500', 'i5', 3.30, '<=65', '<12'),
	('01-I7240-0130', 'i7-6700', 'i7', 2.40, '<=65', '<12'),
	('01-I7240-0140', 'G-4400', 'Pentium', 2.90, '<=65', '<12'),
	('01-I7260-0010', 'G-3900', 'Celeron', 2.60, '<=65', '<12'),
	('01-I7260-0020', 'i7-9700E', 'i7', 2.60, '<=65', '<12'),
	('01-I7270-0020', 'i3-6100', 'i3', 2.70, '<=65', '<12'),
	('01-I7280-0040', 'G-3900', 'Celeron', 2.80, '<=65', '<12'),
	('01-I7290-0040', 'i7-10700', 'i7', 2.90, '<=65', '<12'),
	('01-I7300-0020', 'i5-3550', 'i5', 3.00, '<=125', '<12'),
	('01-I7300-0030', 'i5-4590', 'i5', 3.00, '<=125', '<12'),
	('01-I7300-0040', 'i5-8500', 'i5', 3.00, '<=65', '<12'),
	('01-I7300-0050', 'i5-9500', 'i5', 3.00, '<=65', '<12'),
	('01-I7310-0000', 'i5-2400', 'i5', 3.10, '<=125', '<12'),
	('01-I7310-0010', 'G-2120', 'Pentium', 3.10, '<=65', '<12'),
	('01-I7320-0030', 'G-3420', 'Pentium', 3.20, '<=65', '<12'),
	('01-I7320-0040', 'i7-4790', 'i7', 3.20, '<=125', '<12'),
	('01-I7320-0060', 'i5-6500', 'i5', 3.20, '<=65', '<12'),
	('01-I7320-0070', 'i7-8700', 'i7', 3.20, '<=65', '<12'),
	('01-I7330-0030', 'i3-3220', 'i3', 3.30, '<=65', '<12'),
	('01-I7330-0040', 'G-4400', 'Pentium', 3.30, '<=65', '<12'),
	('01-I7340-0050', 'i7-2600', 'i7', 3.40, '<=125', '<12'),
	('01-I7340-0060', 'i7-3770', 'i7', 3.40, '<=125', '<12'),
	('01-I7340-0080', 'i7-6700', 'i7', 3.40, '<=65', '<12'),
	('01-I7340-0090', 'i5-7500', 'i5', 3.40, '<=65', '<12'),
	('01-I7360-0020', 'i7-7700', 'i7', 3.60, '<=65', '<12'),
	('01-I7360-0030', 'i3-8100', 'i3', 3.60, '<=65', '<12'),
	('01-I7360-0040', 'i9-9900', 'i9', 3.60, '<=65', '<12'),
	('01-I7370-0000', 'i3-4360', 'i3', 3.70, '<=65', '<12'),
	('01-I7370-0010', 'i3-6100', 'i3', 3.70, '<=65', '<12'),
	('01-I7390-0000', 'i3-7101', 'i3', 3.90, '<=65', '<12'),
	('01-I7410-0000', 'i3-13100TE', 'i3', 4.10, '<=65', '>=12'),
	('01-I7440-0000', 'i3-13100E', 'i3', 4.40, '<=65', '>=12'),
	('01-I7450-0000', 'i5-13500TE', 'i5', 4.50, '<=65', '>=12'),
	('01-I7460-0000', 'i5-13500E', 'i5', 4.60, '<=65', '>=12'),
	('01-I7460-0010', 'i5-13400E', 'i5', 4.60, '<=65', '>=12'),
	('01-I8240-0010', 'E5-2658', 'Xeon', 2.40, '<=125', '<12'),
	('01-I8320-0020', 'E3-1225', 'Xeon', 3.20, '<=125', '<12'),
	('01-I8330-0020', 'E-2278GE', 'Xeon', 3.30, '<=125', '<12'),
	('01-I8350-0010', 'E3-1275', 'Xeon', 3.50, '<=125', '<12'),
	('01-I8370-0000', 'E-2176G', 'Xeon', 3.70, '<=125', '<12'),
	('01-I9200-0010', 'i9-13900', 'i9', 2.00, '<=65', '>=12'),
	('01-I9270-0010', 'G-1620', 'Pentium', 2.70, '<=65', '<12'),
	('01-I9270-0020', 'G-1820', 'Pentium', 2.70, '<=65', '<12'),
	('01-I9280-0040', 'i9-10900', 'i9', 2.80, '<=65', '<12'),
	('01-I9300-0030', 'i9-13900K', 'i9', 3.00, '<=125', '>=12');

-- 傾印  資料表 ipc_part_config.dvd_rw 結構
CREATE TABLE IF NOT EXISTS `dvd_rw` (
  `item_no` varchar(50) CHARACTER SET utf8mb3 COLLATE utf8mb3_general_ci NOT NULL,
  `product name` varchar(50) CHARACTER SET utf8mb3 COLLATE utf8mb3_general_ci DEFAULT NULL,
  `color` varchar(20) CHARACTER SET utf8mb3 COLLATE utf8mb3_general_ci DEFAULT NULL,
  PRIMARY KEY (`item_no`)
) ENGINE=InnoDB DEFAULT CHARSET=utf8mb4 COLLATE=utf8mb4_general_ci;

-- 正在傾印表格  ipc_part_config.dvd_rw 的資料：~3 rows (近似值)
REPLACE INTO `dvd_rw` (`item_no`, `product name`, `color`) VALUES
	('29-10450-0170', 'DVD-RW SATA 24X,White', 'white'),
	('29-10450-01B0', 'LITEON ,DH-24AFSH(Black)', 'black'),
	('29-10450-01C0', 'LITEON ,iHAS124-W12F(White)', 'white');

-- 傾印  資料表 ipc_part_config.extra_cable 結構
CREATE TABLE IF NOT EXISTS `extra_cable` (
  `item_no` varchar(20) CHARACTER SET utf8mb3 COLLATE utf8mb3_general_ci NOT NULL,
  `product name` varchar(50) DEFAULT NULL,
  PRIMARY KEY (`item_no`) USING BTREE
) ENGINE=InnoDB DEFAULT CHARSET=utf8mb4 COLLATE=utf8mb4_general_ci;

-- 正在傾印表格  ipc_part_config.extra_cable 的資料：~0 rows (近似值)

-- 傾印  資料表 ipc_part_config.graphic_card 結構
CREATE TABLE IF NOT EXISTS `graphic_card` (
  `item_no` varchar(50) CHARACTER SET utf8mb3 COLLATE utf8mb3_bin NOT NULL,
  `product name` varchar(50) DEFAULT NULL,
  `need_latch` varchar(50) DEFAULT NULL,
  `no_need_item` varchar(50) DEFAULT NULL,
  PRIMARY KEY (`item_no`) USING BTREE
) ENGINE=InnoDB DEFAULT CHARSET=utf8mb4 COLLATE=utf8mb4_general_ci;

-- 正在傾印表格  ipc_part_config.graphic_card 的資料：~2 rows (近似值)
REPLACE INTO `graphic_card` (`item_no`, `product name`, `need_latch`, `no_need_item`) VALUES
	('92-97194-0010', 'MSI GT710 1GD3H LP PCI-E ', NULL, NULL),
	('92-97207-0010', 'ZOTAC GeForce® RTX 3060 12G GDDR6', '39-00133-0000', NULL);

-- 傾印  資料表 ipc_part_config.item_type 結構
CREATE TABLE IF NOT EXISTS `item_type` (
  `item_no` varchar(20) NOT NULL,
  `type` varchar(20) DEFAULT NULL,
  PRIMARY KEY (`item_no`)
) ENGINE=InnoDB DEFAULT CHARSET=utf8mb3 COLLATE=utf8mb3_general_ci;

-- 正在傾印表格  ipc_part_config.item_type 的資料：~368 rows (近似值)
REPLACE INTO `item_type` (`item_no`, `type`) VALUES
	('01-12100-0010', 'CPU'),
	('01-12500-0010', 'CPU'),
	('01-12700-0010', 'CPU'),
	('01-12900-0010', 'CPU'),
	('01-13700-0000 ', 'CPU'),
	('01-13700-0010', 'CPU'),
	('01-13900-0000 ', 'CPU'),
	('01-13900-0010', 'CPU'),
	('01-I3320-0000', 'CPU'),
	('01-I5310-0000', 'CPU'),
	('01-I7200-00A0', 'CPU'),
	('01-I7220-0040', 'CPU'),
	('01-I7230-0030', 'CPU'),
	('01-I7240-0130', 'CPU'),
	('01-I7240-0140', 'CPU'),
	('01-I7260-0010', 'CPU'),
	('01-I7260-0020', 'CPU'),
	('01-I7270-0020', 'CPU'),
	('01-I7280-0040', 'CPU'),
	('01-I7290-0040', 'CPU'),
	('01-I7300-0020', 'CPU'),
	('01-I7300-0030', 'CPU'),
	('01-I7300-0040', 'CPU'),
	('01-I7300-0050', 'CPU'),
	('01-I7310-0000', 'CPU'),
	('01-I7310-0010', 'CPU'),
	('01-I7320-0030', 'CPU'),
	('01-I7320-0040', 'CPU'),
	('01-I7320-0060', 'CPU'),
	('01-I7320-0070', 'CPU'),
	('01-I7330-0030', 'CPU'),
	('01-I7330-0040', 'CPU'),
	('01-I7340-0050', 'CPU'),
	('01-I7340-0060', 'CPU'),
	('01-I7340-0080', 'CPU'),
	('01-I7340-0090', 'CPU'),
	('01-I7360-0020', 'CPU'),
	('01-I7360-0030', 'CPU'),
	('01-I7360-0040', 'CPU'),
	('01-I7370-0000', 'CPU'),
	('01-I7370-0010', 'CPU'),
	('01-I7390-0000', 'CPU'),
	('01-I7410-0000 ', 'CPU'),
	('01-I7440-0000 ', 'CPU'),
	('01-I7450-0000 ', 'CPU'),
	('01-I7460-0000 ', 'CPU'),
	('01-I7460-0010', 'CPU'),
	('01-I8240-0010', 'CPU'),
	('01-I8320-0020', 'CPU'),
	('01-I8330-0020', 'CPU'),
	('01-I8350-0010', 'CPU'),
	('01-I8370-0000', 'CPU'),
	('01-I9200-0010', 'CPU'),
	('01-I9270-0010', 'CPU'),
	('01-I9270-0020', 'CPU'),
	('01-I9280-0040', 'CPU'),
	('01-I9300-0030', 'CPU'),
	('29-003A8-0130', 'Storage'),
	('29-01328-0350', 'Storage'),
	('29-01328-0370', 'Storage'),
	('29-01328-0380', 'Storage'),
	('29-01328-0390', 'Storage'),
	('29-01328-0400', 'Storage'),
	('29-01328-0410', 'Storage'),
	('29-01398-0010', 'Storage'),
	('29-013A8-0110', 'Storage'),
	('29-013A8-0170', 'Storage'),
	('29-013A8-0180', 'Storage'),
	('29-013A8-0200', 'Storage'),
	('29-013A8-0210', 'Storage'),
	('29-013A8-0220', 'Storage'),
	('29-013A8-0230', 'Storage'),
	('29-033B0-0100', 'Adapter_Bracket'),
	('29-033B0-0110', 'Adapter_Bracket'),
	('29-033BA-0130', 'Adapter_Bracket'),
	('29-043Q0-0000', 'RAID_Box'),
	('29-043Q0-0010', 'RAID_Box'),
	('29-043R0-0000', 'RAID_Box'),
	('29-043R0-0010', 'RAID_Box'),
	('29-043R0-0020', 'RAID_Box'),
	('29-046B0-0010', 'Adapter_Bracket'),
	('29-10450-0170', 'DVD_RW'),
	('29-10450-01B0', 'DVD_RW'),
	('29-10450-01C0', 'DVD_RW'),
	('29-422TB-4030', 'Storage'),
	('29-42J00-4200', 'Storage'),
	('29-42J00-4220', 'Storage'),
	('29-42J00-4240', 'Storage'),
	('29-42N00-4180', 'Storage'),
	('29-42N00-4190', 'Storage'),
	('29-42N00-4220', 'Storage'),
	('29-42N00-4250', 'Storage'),
	('29-42N00-6040', 'Storage'),
	('29-42N00-6060', 'Storage'),
	('29-42R00-4090', 'Storage'),
	('29-42R00-40D0', 'Storage'),
	('29-42R00-6040', 'Storage'),
	('29-42W00-4050', 'Storage'),
	('29-42W00-4080', 'Storage'),
	('29-42W00-6010', 'Storage'),
	('29-42W00-6040', 'Storage'),
	('29-42W00-N000', 'Storage'),
	('29-46R00-6060', 'Storage'),
	('29-46W00-6010', 'Storage'),
	('29-56800-5010', 'Storage'),
	('29-6A400-7420', 'Memory'),
	('29-6A400-L430', 'Memory'),
	('29-6A400-M410', 'Memory'),
	('29-6A800-7420', 'Memory'),
	('29-6A800-7450', 'Memory'),
	('29-6A800-74A0', 'Memory'),
	('29-6A800-L420', 'Memory'),
	('29-6A800-L490', 'Memory'),
	('29-6A800-M400', 'Memory'),
	('29-6AC00-7460', 'Memory'),
	('29-6AC00-74A0', 'Memory'),
	('29-6AC00-74F0', 'Memory'),
	('29-6AC00-74G0', 'Memory'),
	('29-6AC00-L440', 'Memory'),
	('29-6AC00-L4E0', 'Memory'),
	('29-6AC00-M400', 'Memory'),
	('29-6AC00-M410', 'Memory'),
	('29-6AE00-7490', 'Memory'),
	('29-6AE00-L430', 'Memory'),
	('29-6AE00-M400', 'Memory'),
	('29-L0450-0000', 'USB_COM_Cable'),
	('30-00001-0030', 'US_Power'),
	('30-00016-0000', 'US_Power'),
	('30-01052-2000', 'USB_COM_Cable'),
	('30-10057-3110', 'SATACable'),
	('30-10057-7000', 'SATACable'),
	('30-20264-1000', 'Latch'),
	('30-21302-0000', 'USB_COM_Cable'),
	('30-22007-0000-A0', 'USB_COM_Cable'),
	('30-25003-0020', 'USB_COM_Cable'),
	('30-25003-1000', 'USB_COM_Cable'),
	('30-25003-2100', 'USB_COM_Cable'),
	('30-25003-3000', 'USB_COM_Cable'),
	('30-25003-5000-A0', 'USB_COM_Cable'),
	('30-25009-3000', 'USB_COM_Cable'),
	('30-25010-3010', 'USB_COM_Cable'),
	('30-25019-0010', 'USB_COM_Cable'),
	('30-25046-0100', 'USB_COM_Cable'),
	('30-25046-0110-A0', 'USB_COM_Cable'),
	('30-25046-1100', 'USB_COM_Cable'),
	('30-25116-0000-A0', 'USB_COM_Cable'),
	('30-25305-0000-A0', 'USB_COM_Cable'),
	('30-25305-0010-A0', 'USB_COM_Cable'),
	('30-25305-0020-A0', 'USB_COM_Cable'),
	('30-25306-0000-A0', 'USB_COM_Cable'),
	('31-01225-1020-A0', 'PSU'),
	('31-01230-0020', 'PSU'),
	('31-01234-0020-A0', 'PSU'),
	('31-01237-0020-A0', 'PSU'),
	('31-01238-1020-A0', 'PSU'),
	('31-01243-0000-A0', 'PSU'),
	('31-01244-0000-A0', 'PSU'),
	('31-32225-2000-A0', 'PSU'),
	('32-20113-0000', 'Cooler'),
	('32-20113-2000', 'Cooler'),
	('32-20131-0010-A0', 'Cooler'),
	('32-20831-0000-A0', 'Cooler'),
	('32-20976-0000-A0', 'Cooler'),
	('32-21002-0000-A0', 'Cooler'),
	('32-21041-0000-A0', 'Cooler'),
	('32-21058-0000-A0', 'Cooler'),
	('34-30264-1000', 'Adapter_Bracket'),
	('34-30500-0000', 'Adapter_Bracket'),
	('34-32098-0000', 'Adapter_Bracket'),
	('34-34815-0000-A0', 'Latch'),
	('34-90294-0000-A0', 'CreateWarning'),
	('36-00473-0000', 'Latch'),
	('39-00133-0000', 'Latch'),
	('39-00298-0000-A0', 'Latch'),
	('47-12046-0000', 'Nameplate'),
	('47-12187-0000', 'WIN7PRO'),
	('47-90004-0010', 'Technique card'),
	('50-30033-0100', 'RecoveryCD'),
	('50-30047-0000', 'RecoveryCD'),
	('50-30049-0000', 'RecoveryCD'),
	('50-40325-3000', 'RoHS_Declarat'),
	('56-47023-1110-A0', 'Chassis'),
	('56-47023-1210-A0', 'Chassis'),
	('56-47048-1100', 'Chassis'),
	('56-47048-1110-A0', 'Chassis'),
	('56-47048-1210-A0', 'Chassis'),
	('56-47048-1410-A0', 'Chassis'),
	('56-47048-2110-A0', 'Chassis'),
	('56-47048-2310-A0', 'Chassis'),
	('56-47062-2110', 'Chassis'),
	('56-47065-2010', 'Chassis'),
	('56-47117-0000', 'Chassis'),
	('56-47122-0130-A0', 'Chassis'),
	('56-47122-0140-A0', 'Chassis'),
	('56-47124-0130-A0', 'Chassis'),
	('56-47124-0140-A0', 'Chassis'),
	('56-47124-1130-A0', 'Chassis'),
	('56-47148-0000-A0', 'Chassis'),
	('56-47148-0010-A0', 'Chassis'),
	('56-47149-0000-A0', 'Chassis'),
	('56-47149-0010-A0', 'Chassis'),
	('56-60006-0000-A0', 'Chassis'),
	('56-70003-0000-A0', 'Chassis'),
	('58-80024-0000', 'Adapter_Bracket'),
	('59-41809-0000', 'Motherboard'),
	('59-41809-0400', 'Motherboard'),
	('59-41810-0000', 'Motherboard'),
	('59-41810-0100', 'Motherboard'),
	('59-44702-1000', 'Motherboard'),
	('59-44702-8000', 'Motherboard'),
	('59-44702-800E', 'Motherboard'),
	('59-44702-9000', 'Motherboard'),
	('91-41809-0000', 'Assembly'),
	('91-41809-0400', 'Assembly'),
	('91-41810-0000', 'Assembly'),
	('91-41810-0100', 'Assembly'),
	('91-44702-1000', 'Assembly'),
	('91-44702-8000', 'Assembly'),
	('91-44702-800E', 'Assembly'),
	('91-44702-9000', 'Assembly'),
	('91-44702-B100', 'Motherboard'),
	('91-44702-B10E', 'Motherboard'),
	('91-44702-B200', 'Motherboard'),
	('91-46603-0000', 'BackPlane'),
	('91-46703-0000', 'BackPlane'),
	('91-46705-0000', 'BackPlane'),
	('91-46709-0000', 'BackPlane'),
	('91-46714-0000', 'BackPlane'),
	('91-7A201-0000', 'CreateWarning'),
	('92-56051-0010', 'OS'),
	('92-56077-1010', 'OS'),
	('92-56077-P010', 'OS'),
	('92-56077-P020', 'OS'),
	('92-56077-P030', 'OS'),
	('92-56077-P040', 'OS'),
	('92-56077-P050', 'OS'),
	('92-56077-P060', 'OS'),
	('92-56077-P070', 'OS'),
	('92-56077-P080', 'OS'),
	('92-56077-P090', 'OS'),
	('92-56077-P0A0', 'OS'),
	('92-56077-P110', 'OS'),
	('92-56077-P120', 'OS'),
	('92-56077-P130', 'OS'),
	('92-56077-P140', 'OS'),
	('92-56077-P150', 'OS'),
	('92-56077-P160', 'OS'),
	('92-56077-P170', 'OS'),
	('92-56077-P180', 'OS'),
	('92-56077-P190', 'OS'),
	('92-56077-P1A0', 'OS'),
	('92-56078-P000', 'OS'),
	('92-56078-P100', 'OS'),
	('92-56078-P200', 'OS'),
	('92-56078-P300', 'OS'),
	('92-56078-P400', 'OS'),
	('92-56078-P500', 'OS'),
	('92-56078-P600', 'OS'),
	('92-56078-P700', 'OS'),
	('92-56078-P800', 'OS'),
	('92-56078-P900', 'OS'),
	('92-56079-P000', 'OS'),
	('92-56079-P100', 'OS'),
	('92-56079-P400', 'OS'),
	('92-56079-P500', 'OS'),
	('92-56083-2010', 'OS'),
	('92-56087-0010', 'OS'),
	('92-56087-1010', 'OS'),
	('92-56087-2010', 'OS'),
	('92-56088-1010', 'OS'),
	('92-56088-2010', 'OS'),
	('92-56094-0010', 'OS'),
	('92-56094-1010', 'OS'),
	('92-56094-2010', 'OS'),
	('92-56101-0010', 'OS'),
	('92-56101-2010', 'OS'),
	('92-97194-0010', 'Graphic_card'),
	('92-97207-0010', 'Graphic_card'),
	('95-13008-0000', 'Motherboard'),
	('95-13008-1000', 'Motherboard'),
	('95-13008-W100', 'Motherboard'),
	('95-13009-0000', 'Motherboard'),
	('95-13009-2000', 'Motherboard'),
	('95-13009-W000', 'Motherboard'),
	('95-13009-W100', 'Motherboard'),
	('95-13010-0000', 'Motherboard'),
	('95-13010-2000', 'Motherboard'),
	('95-13010-W100', 'Motherboard'),
	('95-13014-0000', 'Motherboard'),
	('95-13014-0010', 'Motherboard'),
	('95-13014-1000', 'Motherboard'),
	('95-13015-0000', 'Motherboard'),
	('95-13016-0000', 'Motherboard'),
	('95-13016-0010', 'Motherboard'),
	('95-13016-0020', 'Motherboard'),
	('95-13018-0000', 'Motherboard'),
	('95-19000-0000', 'BackPlane'),
	('95-19019-0000', 'BackPlane'),
	('95-31400-7400', 'Storage'),
	('95-32000-4000', 'Storage'),
	('95-32000-5000', 'Storage'),
	('95-32100-6200', 'Storage'),
	('95-32100-6300', 'Storage'),
	('95-32101-4300', 'Storage'),
	('95-32101-5300', 'Storage'),
	('95-32101-6300', 'Storage'),
	('95-32200-2400', 'Storage'),
	('95-32200-2500', 'Storage'),
	('95-32200-3400', 'Storage'),
	('95-32200-3500', 'Storage'),
	('95-32200-4400', 'Storage'),
	('95-32200-4500', 'Storage'),
	('95-32200-5200', 'Storage'),
	('95-32200-5400', 'Storage'),
	('95-32200-5500', 'Storage'),
	('95-32200-6400', 'Storage'),
	('95-32200-6500', 'Storage'),
	('95-32400-4100', 'Storage'),
	('95-32400-4500', 'Storage'),
	('95-32400-5100', 'Storage'),
	('95-32400-5500', 'Storage'),
	('95-32400-6100', 'Storage'),
	('95-32400-6500', 'Storage'),
	('95-32400-7100', 'Storage'),
	('95-32400-7500', 'Storage'),
	('95-32400-8100', 'Storage'),
	('95-32400-8500', 'Storage'),
	('95-35200-2100', 'Storage'),
	('95-35200-2200', 'Storage'),
	('95-35200-3100', 'Storage'),
	('95-35200-3200', 'Storage'),
	('95-35200-4100', 'Storage'),
	('95-35200-4200', 'Storage'),
	('95-35200-5100', 'Storage'),
	('95-35200-5200', 'Storage'),
	('95-35200-6100', 'Storage'),
	('95-35200-6200', 'Storage'),
	('95-35400-4100', 'Storage'),
	('95-35400-4200', 'Storage'),
	('95-35400-5100', 'Storage'),
	('95-35400-5200', 'Storage'),
	('95-35400-6100', 'Storage'),
	('95-35400-6200', 'Storage'),
	('95-35400-7100', 'Storage'),
	('95-35400-7200', 'Storage'),
	('95-35400-8100', 'Storage'),
	('95-35400-8200', 'Storage'),
	('95-35400-8F00', 'Storage'),
	('9A-100N5-T00E', 'Assembly'),
	('9A-116N5-T00E', 'Assembly'),
	('9A-116N5-U00E', 'Assembly'),
	('SW-00001-10D00\r\n', 'WIN7PRO'),
	('SW-00001-10D00', 'WIN7PRO'),
	('SW-00001-10F00\r\n', 'WIN7PRO'),
	('SW-00001-10F00', 'WIN7PRO'),
	('SW-00001-10M00\r\n', 'WIN7PRO'),
	('SW-00001-10M00', 'WIN7PRO'),
	('SW-00001-10N00\r\n', 'WIN7PRO'),
	('SW-00001-10N00', 'WIN7PRO'),
	('SW-00001-10O00\r\n', 'WIN7PRO'),
	('SW-00001-10O00', 'WIN7PRO'),
	('SW-00001-11D00', 'WIN7PRO'),
	('SW-00001-11F00', 'WIN7PRO'),
	('SW-00001-11M00', 'WIN7PRO'),
	('SW-00001-11N00', 'WIN7PRO'),
	('SW-00001-11O00', 'WIN7PRO'),
	('SW-13010-1QB00', 'OS'),
	('SW-D2302-1QA01', 'CreateWarning');

-- 傾印  資料表 ipc_part_config.latch 結構
CREATE TABLE IF NOT EXISTS `latch` (
  `item_no` varchar(50) NOT NULL,
  `product name` varchar(50) DEFAULT NULL,
  `use_item` longtext DEFAULT NULL,
  PRIMARY KEY (`item_no`) USING BTREE,
  CONSTRAINT `use_item` CHECK (json_valid(`use_item`))
) ENGINE=InnoDB DEFAULT CHARSET=utf8mb4 COLLATE=utf8mb4_general_ci;

-- 正在傾印表格  ipc_part_config.latch 的資料：~5 rows (近似值)
REPLACE INTO `latch` (`item_no`, `product name`, `use_item`) VALUES
	('30-20264-1000', '2.54mm Harness Extended Line', '[["56-47062-2110"], ["56-47023-1110-A0"]]'),
	('34-34815-0000-A0', 'RK-610_PSU BKT_FSP1200-50ADB', '[["56-47065-2010","31-01244-0000-A0"],["56-70003-0000-A0","31-01244-0000-A0"]]'),
	('36-00473-0000', 'SPACER SUPPORT_MS-16A-NQW', '[["56-47124-1130-A0"],["56-47124-0130-A0"]]'),
	('39-00133-0000', 'RUBBER', '[["92-97207-0010"]]'),
	('39-00298-0000-A0', 'Silicon Rubber_12x12x12mm', '[["95-19000-0000"]]');

-- 傾印  資料表 ipc_part_config.memory 結構
CREATE TABLE IF NOT EXISTS `memory` (
  `item_no` varchar(20) NOT NULL,
  `series` varchar(5) DEFAULT NULL,
  `frequency` int(10) DEFAULT NULL,
  `size` int(10) DEFAULT NULL,
  `ECC` varchar(10) DEFAULT NULL,
  `DIMM` varchar(10) DEFAULT 'UDIMM',
  PRIMARY KEY (`item_no`)
) ENGINE=InnoDB DEFAULT CHARSET=utf8mb3 COLLATE=utf8mb3_general_ci;

-- 正在傾印表格  ipc_part_config.memory 的資料：~20 rows (近似值)
REPLACE INTO `memory` (`item_no`, `series`, `frequency`, `size`, `ECC`, `DIMM`) VALUES
	('29-6A400-7420', 'DDR4', 2400, 4, 'Non-ECC', 'UDIMM'),
	('29-6A400-L430', 'DDR4', 2400, 4, 'Non-ECC', 'UDIMM'),
	('29-6A400-M410', 'DDR4', 2666, 4, 'Non-ECC', 'UDIMM'),
	('29-6A800-7420', 'DDR4', 2400, 8, 'Non-ECC', 'UDIMM'),
	('29-6A800-7450', 'DDR4', 2666, 8, 'Non-ECC', 'UDIMM'),
	('29-6A800-74A0', 'DDR5', 4800, 8, 'Non-ECC', 'UDIMM'),
	('29-6A800-L420', 'DDR4', 2400, 8, 'Non-ECC', 'UDIMM'),
	('29-6A800-L490', 'DDR5', 4800, 8, 'Non-ECC', 'UDIMM'),
	('29-6A800-M400', 'DDR4', 2666, 8, 'Non-ECC', 'UDIMM'),
	('29-6AC00-7460', 'DDR4', 2400, 16, 'Non-ECC', 'UDIMM'),
	('29-6AC00-74A0', 'DDR4', 2666, 16, 'Non-ECC', 'UDIMM'),
	('29-6AC00-74F0', 'DDR4', 3200, 16, 'Non-ECC', 'UDIMM'),
	('29-6AC00-74G0', 'DDR5', 4800, 16, 'Non-ECC', 'UDIMM'),
	('29-6AC00-L440', 'DDR4', 2400, 16, 'Non-ECC', 'UDIMM'),
	('29-6AC00-L4E0', 'DDR5', 4800, 16, 'Non-ECC', 'UDIMM'),
	('29-6AC00-M400', 'DDR4', 2666, 16, 'Non-ECC', 'UDIMM'),
	('29-6AC00-M410', 'DDR4', 2666, 16, 'Non-ECC', 'UDIMM'),
	('29-6AE00-7490', 'DDR5', 4800, 32, 'ECC', 'UDIMM'),
	('29-6AE00-L430', 'DDR5', 4800, 32, 'Non-ECC', 'UDIMM'),
	('29-6AE00-M400', 'DDR4', 2666, 32, 'Non-ECC', 'UDIMM');

-- 傾印  資料表 ipc_part_config.motherboard 結構
CREATE TABLE IF NOT EXISTS `motherboard` (
  `item_no` varchar(20) NOT NULL,
  `product name` varchar(20) DEFAULT NULL,
  `IPC_no` varchar(10) DEFAULT NULL,
  `support cpu` longtext CHARACTER SET utf8mb4 COLLATE utf8mb4_bin DEFAULT NULL CHECK (json_valid(`support cpu`)),
  `support os` longtext CHARACTER SET utf8mb4 COLLATE utf8mb4_bin DEFAULT NULL CHECK (json_valid(`support os`)),
  `memory series` varchar(5) DEFAULT NULL,
  `memory freq` longtext CHARACTER SET utf8mb4 COLLATE utf8mb4_bin DEFAULT NULL CHECK (json_valid(`memory freq`)),
  `memory max size` int(10) DEFAULT NULL,
  `sata port` int(10) DEFAULT NULL,
  `extra_sup` longtext CHARACTER SET utf8mb4 COLLATE utf8mb4_bin DEFAULT NULL,
  `usb_pin2.0` int(10) DEFAULT NULL,
  `usb_pin3.0` int(10) DEFAULT NULL,
  `com` int(10) DEFAULT NULL,
  `M.2` int(11) DEFAULT NULL,
  `M.2 position` longtext CHARACTER SET utf8mb4 COLLATE utf8mb4_bin DEFAULT NULL CHECK (json_valid(`M.2 position`)),
  PRIMARY KEY (`item_no`),
  CONSTRAINT `extra_sup` CHECK (json_valid(`extra_sup`))
) ENGINE=InnoDB DEFAULT CHARSET=utf8mb3 COLLATE=utf8mb3_general_ci;

-- 正在傾印表格  ipc_part_config.motherboard 的資料：~29 rows (近似值)
REPLACE INTO `motherboard` (`item_no`, `product name`, `IPC_no`, `support cpu`, `support os`, `memory series`, `memory freq`, `memory max size`, `sata port`, `extra_sup`, `usb_pin2.0`, `usb_pin3.0`, `com`, `M.2`, `M.2 position`) VALUES
	('59-41809-0000', 'NuPRO-E43', 'N5', '[["i","6","7"],["P","4"],["C","3"]]', '["Windows 7","Windows 8.1", "Windows 10", "Ubuntu 15.10","win10 w/ Win7"]', 'DDR4', '[2133, 2400]', 32, 4, NULL, 0, 6, 4, 0, NULL),
	('59-41809-0400', 'NuPRO-E43/WRE', 'N6', '[["i","6","7"],["P","4"],["C","3"]]', '["Windows 7","Windows 8.1", "Windows 10", "Ubuntu 15.10","win10 w/ Win7"]', 'DDR4', '[2133, 2400]', 32, 4, NULL, 0, 6, 4, 0, NULL),
	('59-41810-0000', 'NuPRO-E47', 'N7', '[["i","12"],["P","7"],["C","6"]]', '["Windows 10","Windows 11","Ubuntu 15.10"]', 'DDR5', '[4800]', 64, 6, NULL, 0, 0, 4, 1, '["?"]'),
	('59-41810-0100', 'NuPRO-E47', 'N7', '[["i","12","13"],["P","7"],["C","6"]]', '["Windows 10","Windows 11","Ubuntu 15.10"]', 'DDR5', '[4800]', 64, 6, NULL, 0, 0, 4, 1, '["?"]'),
	('59-44702-1000', 'IMB-M43', '0H', '[["i","6","7"],["P","4"],["C","3"]]', '["Windows 7","Windows 8.1", "Windows 10", "Ubuntu 15.10","Windows 10_IMB-45","win10 w/ Win7"]', 'DDR4', '[2133, 2400]', 64, 6, NULL, 4, 2, 4, 0, NULL),
	('59-44702-8000', 'IMB-M43/AUO OPEN', '01', '[["i","6","7"],["P","4"],["C","3"]]', '["Windows 7","Windows 8.1", "Windows 10", "Ubuntu 15.10","win10 w/ Win7"]', 'DDR4', '[2133,2400]', 64, 6, NULL, 4, 2, 4, 0, NULL),
	('59-44702-800E', 'IMB-M43/AUO OPEN', '01', '[["i","6","7"],["P","4"],["C","3"]]', '["Windows 7","Windows 8.1", "Windows 10", "Ubuntu 15.10","win10 w/ Win7"]', 'DDR4', '[2133,2400]', 64, 6, NULL, 4, 2, 4, 0, NULL),
	('59-44702-9000', 'IMB-M43-WRE', '0R', '[["i","6","7"],["P","4"],["C","3"]]', '["Windows 7","Windows 8.1", "Windows 10", "Ubuntu 15.10","Windows 10_IMB-45","win10 w/ Win7"]', 'DDR4', '[2133, 2400]', 64, 6, NULL, 4, 2, 4, 0, NULL),
	('91-44702-B100', 'IMB-M43', '0H', '[["i","6","7"],["P","4"],["C","3"]]', '["Windows 7","Windows 8.1", "Windows 10", "Ubuntu 15.10","Windows 10_IMB-45","win10 w/ Win7"]', 'DDR4', '[2133, 2400]', 64, 6, NULL, 4, 2, 4, 0, NULL),
	('91-44702-B10E', 'IMB-M43', '0H', '[["i","6","7"],["P","4"],["C","3"]]', '["Windows 7","Windows 8.1", "Windows 10", "Ubuntu 15.10","Windows 10_IMB-45","win10 w/ Win7"]', 'DDR4', '[2133, 2400]', 64, 6, NULL, 4, 2, 4, 0, NULL),
	('91-44702-B200', 'IMB-M43-C236', '0H', '[["i","6","7"],["P","4"],["C","3"]]', '["Windows 7","Windows 8.1", "Windows 10", "Ubuntu 15.10","Windows 10_IMB-45","win10 w/ Win7"]', 'DDR4', '[2133, 2400]', 64, 6, NULL, 4, 2, 4, 0, NULL),
	('95-13008-0000', 'IMB-M43H', '0K', '[["i","6","7"],["P","4"],["C","3"]]', '["Windows 10", "Ubuntu 18.10", "Fedora 30", "OpenSUSE Leap 15.1","win10 w/ Win7","Windows 7","Windows 10_IMB-45"]', 'DDR4', '[2133, 2400]', 32, 4, NULL, 2, 0, 4, 0, NULL),
	('95-13008-1000', 'IMB-M43H/WO AUDIO', '0N', '[["i","6","7"],["P","4"],["C","3"]]', '["Windows 7", "Windows 8.1", "win10 w/ Win7", "Windows 10", "Ubuntu 16.04", "Fedora 25", "OpenSUSE Leap 42.1"]', 'DDR4', '[2133, 2400]', 32, 4, NULL, 2, 0, 4, 0, NULL),
	('95-13008-W100', 'IMB-M43H', '0K', '[["i","6","7"],["P","4"],["C","3"]]', '["Windows 10", "Ubuntu 18.10", "Fedora 30", "OpenSUSE Leap 15.1","win10 w/ Win7","Windows 7","Windows 10_IMB-45"]', 'DDR4', '[2133, 2400]', 32, 4, NULL, 2, 0, 4, 0, NULL),
	('95-13009-0000', 'IMB-M45', '0L', '[["i","8","9"],["P","5"],["C","4"],["X","2"]]', '["Windows 10", "Ubuntu 18.10", "Fedora 30", "OpenSUSE Leap 15.1","Windows 10_IMB-45","win10 w/ Win7"]', 'DDR4', '[2400, 2666]', 128, 6, NULL, 6, 2, 4, 0, NULL),
	('95-13009-2000', 'IMB-M45/WO AUDIO', '0P', '[["i","8","9"],["P","5"],["C","4"],["X","2"]]', '["Windows 10", "Ubuntu 18.10", "Fedora 30", "OpenSUSE Leap 15.1", "win10 w/ Win7"]', 'DDR4', '[2400, 2666]', 64, 6, NULL, 6, 4, 4, 0, NULL),
	('95-13009-W000', 'IMB-M45', '0L', '[["i","8","9"],["P","5"],["C","4"],["X","2"]]', '["Windows 10", "Ubuntu 18.10", "Fedora 30", "OpenSUSE Leap 15.1","Windows 10_IMB-45","win10 w/ Win7"]', 'DDR4', '[2400, 2666]', 128, 6, NULL, 6, 2, 4, 0, NULL),
	('95-13009-W100', 'IMB-M45', '0L', '[["i","8","9"],["P","5"],["C","4"],["X","2"]]', '["Windows 10", "Ubuntu 18.10", "Fedora 30", "OpenSUSE Leap 15.1","Windows 10_IMB-45","win10 w/ Win7"]', 'DDR4', '[2400, 2666]', 128, 6, NULL, 6, 2, 4, 0, NULL),
	('95-13010-0000', 'IMB-M45H', '0M', '[["i","8","9"],["P","5"],["C","4"]]', '["Windows 10", "Ubuntu 18.10", "Fedora 30", "OpenSUSE Leap 15.1", "win10 w/ Win7","Windows 10_IMB-45"]', 'DDR4', '[2400, 2666]', 64, 4, NULL, 2, 0, 4, 0, NULL),
	('95-13010-2000', 'IMB-M45H/WO AUDIO', '0Q', '[["i","8","9"],["P","5"],["C","4"]]', '["Windows 10", "Ubuntu 18.10", "Fedora 30", "OpenSUSE Leap 15.1","win10 w/ Win7"]', 'DDR4', '[2400, 2666]', 64, 4, NULL, 2, 0, 4, 0, NULL),
	('95-13010-W100', 'IMB-M45H', '0M', '[["i","8","9"],["P","5"],["C","4"]]', '["Windows 10", "Ubuntu 18.10", "Fedora 30", "OpenSUSE Leap 15.1", "win10 w/ Win7","Windows 10_IMB-45"]', 'DDR4', '[2400, 2666]', 64, 4, NULL, 2, 0, 4, 0, NULL),
	('95-13014-0000', 'IMB-M47H', '0T', '[["i","12","13","14"],["P","7"],["C","6"]]', '["Windows 10", "Windows 11","Ubuntu 20.04"]', 'DDR5', '[4800]', 64, 3, NULL, 2, 0, 4, 1, '["M2M1"]'),
	('95-13014-0010', 'IMB-M47H', '0T', '[["i","12","13"],["P","7"],["C","6"]]', '["Windows 10", "Windows 11","Ubuntu 20.04"]', 'DDR5', '[4800]', 64, 3, NULL, 2, 0, 4, 1, '["M2M1"]'),
	('95-13014-1000', 'IMB-M47H', '0T', '[["i","12","13"],["P","7"],["C","6"]]', '["Windows 10", "Windows 11","Ubuntu 20.04"]', 'DDR5', '[4800]', 64, 3, NULL, 2, 0, 4, 1, '["M2M1"]'),
	('95-13015-0000', 'IMB-M46', '0U', '[["i","10"],["P","6"],["C","5"]]', '["Windows 10", "Ubuntu 18.10", "Fedora 30", "OpenSUSE Leap 15.1","win10 w/ Win7"]', 'DDR4', '[2400, 2666, 2933]', 128, 6, NULL, 2, 4, 4, 0, NULL),
	('95-13016-0000', 'IMB-M47', '0S', '[["i","12","13"]]', '["Windows 10", "Windows 11","Ubuntu 20.04"]', 'DDR5', '[4400,4800]', 128, 8, NULL, 2, 2, 4, 1, '["M2_M1"]'),
	('95-13016-0010', 'IMB-M47', '0S', '[["i","12","13"]]', '["Windows 10", "Windows 11","Ubuntu 20.04"]', 'DDR5', '[4400,4800]', 128, 8, NULL, 2, 2, 4, 1, '["M2_M1"]'),
	('95-13016-0020', 'IMB-M47', '0S', '[["i","12","13"]]', '["Windows 10", "Windows 11","Ubuntu 20.04"]', 'DDR5', '[4400,4800]', 128, 8, NULL, 2, 2, 4, 1, '["M2_M1"]'),
	('95-13018-0000', 'IMB-C46H', '0W', '[["i","10"]]', '["Windows 10", "Windows 11","Ubuntu 20.04"]', 'DDR4', '[2400, 2666, 2933]', 128, 3, NULL, 2, 6, 6, 1, NULL);

-- 傾印  資料表 ipc_part_config.os 結構
CREATE TABLE IF NOT EXISTS `os` (
  `item_no` varchar(20) NOT NULL,
  `product name` varchar(49) DEFAULT NULL,
  `bit` int(11) DEFAULT 64,
  `series` varchar(20) DEFAULT NULL,
  `version` varchar(20) DEFAULT NULL,
  `year` int(11) DEFAULT NULL,
  `level` varchar(20) DEFAULT NULL,
  `support CPU series` longtext CHARACTER SET utf8mb4 COLLATE utf8mb4_bin DEFAULT NULL CHECK (json_valid(`support CPU series`)),
  `extra_sup` longtext CHARACTER SET utf8mb4 COLLATE utf8mb4_bin DEFAULT NULL,
  PRIMARY KEY (`item_no`),
  CONSTRAINT `extra_sup` CHECK (json_valid(`extra_sup`))
) ENGINE=InnoDB DEFAULT CHARSET=utf8mb3 COLLATE=utf8mb3_general_ci;

-- 正在傾印表格  ipc_part_config.os 的資料：~48 rows (近似值)
REPLACE INTO `os` (`item_no`, `product name`, `bit`, `series`, `version`, `year`, `level`, `support CPU series`, `extra_sup`) VALUES
	('92-56051-0010', 'Win 7 Pro SP1 FES license x32/x64', 0, 'Windows 7', 'FES Windows', 2019, 'Professional', '["i3","i5","i7"]', NULL),
	('92-56077-1010', 'Win10 IoT Ent SAC Value (PKEA)', 64, 'Windows 10', 'FES Windows', 2019, 'Professional', '["i3","i5","Pentium", "Celeron","i7"]', NULL),
	('92-56077-P010', 'win10 w/ Win7 x32-ENG(ATOM)', 32, 'win10 w/ Win7', 'FES Windows', 2019, 'Professional', '["i3","i5","i7"]', '["SW-00001-10D00","47-12187-0000"]'),
	('92-56077-P020', 'win10 w/ Win7 x64-ENG(ATOM)', 64, 'win10 w/ Win7', 'FES Windows', 2019, 'Professional', '["i3","i5","i7"]', '["SW-00001-11D00","47-12187-0000"]'),
	('92-56077-P030', 'win10 w/ Win7 x32-CHT(ATOM)', 32, 'win10 w/ Win7', 'FES Windows', 2019, 'Professional', '["i3","i5","i7"]', '["SW-00001-10M00","47-12187-0000"]'),
	('92-56077-P040', 'win10 w/ Win7 x64-CHT(ATOM)', 64, 'win10 w/ Win7', 'FES Windows', 2019, 'Professional', '["i3","i5","i7"]', '["SW-00001-11M00","47-12187-0000"]'),
	('92-56077-P050', 'win10 w/ Win7 x32-CHS(ATOM)', 32, 'win10 w/ Win7', 'FES Windows', 2019, 'Professional', '["i3","i5","i7"]', '["SW-00001-10N00","47-12187-0000"]'),
	('92-56077-P060', 'win10 w/ Win7 x64-CHS(ATOM)', 64, 'win10 w/ Win7', 'FES Windows', 2019, 'Professional', '["i3","i5","i7"]', '["SW-00001-11N00","47-12187-0000"]'),
	('92-56077-P070', 'win10 w/ Win7 x32-JP(ATOM)', 32, 'win10 w/ Win7', 'FES Windows', 2019, 'Professional', '["i3","i5","i7"]', '["SW-00001-10F00","47-12187-0000"]'),
	('92-56077-P080', 'win10 w/ Win7 x64-JP(ATOM)', 64, 'win10 w/ Win7', 'FES Windows', 2019, 'Professional', '["i3","i5","i7"]', '["SW-00001-11F00","47-12187-0000"]'),
	('92-56077-P090', 'win10 w/ Win7 x32-KOR(ATOM)', 32, 'win10 w/ Win7', 'FES Windows', 2019, 'Professional', '["i3","i5","i7"]', '["SW-00001-10O00","47-12187-0000"]'),
	('92-56077-P0A0', 'win10 w/ Win7 x64-KOR(ATOM)', 64, 'win10 w/ Win7', 'FES Windows', 2019, 'Professional', '["i3","i5","i7"]', '["SW-00001-11O00","47-12187-0000"]'),
	('92-56077-P110', 'win10 w/ Win7 x32-ENG(i3/i5)', 32, 'win10 w/ Win7', 'FES Windows', 2019, 'Professional', '["i3","i5","i7"]', '["SW-00001-10D00","47-12187-0000"]'),
	('92-56077-P120', 'win10 w/ Win7 x64-ENG(i3/i5)', 64, 'win10 w/ Win7', 'FES Windows', 2019, 'Professional', '["i3","i5"]', '["SW-00001-11D00","47-12187-0000"]'),
	('92-56077-P130', 'win10 w/ Win7 x32-CHT(i3/i5)', 32, 'win10 w/ Win7', 'FES Windows', 2019, 'Professional', '["i3","i5"]', '["SW-00001-10M00","47-12187-0000"]'),
	('92-56077-P140', 'win10 w/ Win7 x64-CHT(i3/i5)', 64, 'win10 w/ Win7', 'FES Windows', 2019, 'Professional', '["i3","i5"]', '["SW-00001-11M00","47-12187-0000"]'),
	('92-56077-P150', 'win10 w/ Win7 x32-CHS(i3/i5)', 32, 'win10 w/ Win7', 'FES Windows', 2019, 'Professional', '["i3","i5"]', '["SW-00001-10N00","47-12187-0000"]'),
	('92-56077-P160', 'win10 w/ Win7 x64-CHS(i3/i5)', 64, 'win10 w/ Win7', 'FES Windows', 2019, 'Professional', '["i3","i5"]', '["SW-00001-11N00","47-12187-0000"]'),
	('92-56077-P170', 'win10 w/ Win7 x32-KOR(i3/i5)', 32, 'win10 w/ Win7', 'FES Windows', 2019, 'Professional', '["i3","i5"]', '["SW-00001-10O00","47-12187-0000"]'),
	('92-56077-P180', 'win10 w/ Win7 x64-KOR(i3/i5)', 64, 'win10 w/ Win7', 'FES Windows', 2019, 'Professional', '["i3","i5"]', '["SW-00001-11O00","47-12187-0000"]'),
	('92-56077-P190', 'win10 w/ Win7 x32-JP(i3/i5)', 32, 'win10 w/ Win7', 'FES Windows', 2019, 'Professional', '["i3","i5"]', '["SW-00001-10F00","47-12187-0000"]'),
	('92-56077-P1A0', 'win10 w/ Win7 x64-JP(i3/i5)', 64, 'win10 w/ Win7', 'FES Windows', 2019, 'Professional', '["i3","i5"]', '["SW-00001-11F00","47-12187-0000"]'),
	('92-56078-P000', 'win10 IoT Enterprise CBB w/ Win7 x32-ENG(i7)', 32, 'win10 w/ Win7', 'FES Windows', 2019, 'Professional', '["i7"]', '["SW-00001-10D00","47-12187-0000"]'),
	('92-56078-P100', 'win10 IoT Enterprise CBB w/ Win7 x64-ENG(i7) ', 64, 'win10 w/ Win7', 'FES Windows', 2019, 'Professional', '["i7"]', '["SW-00001-11D00","47-12187-0000"]'),
	('92-56078-P200', 'win10 IoT Enterprise CBB w/ Win7 x32-CHT(i7)', 32, 'win10 w/ Win7', 'FES Windows', 2019, 'Professional', '["i7"]', '["SW-00001-10M00","47-12187-0000"]'),
	('92-56078-P300', 'win10 IoT Enterprise CBB w/ Win7 x64-CHT(i7)', 64, 'win10 w/ Win7', 'FES Windows', 2019, 'Professional', '["i7"]', '["SW-00001-11M00","47-12187-0000"]'),
	('92-56078-P400', 'win10 IoT Enterprise CBB w/ Win7 x32-CHS(i7)', 32, 'win10 w/ Win7', 'FES Windows', 2019, 'Professional', '["i7"]', '["SW-00001-10N00","47-12187-0000"]'),
	('92-56078-P500', 'win10 IoT Enterprise CBB w/ Win7 x64-CHS(i7) ', 64, 'win10 w/ Win7', 'FES Windows', 2019, 'Professional', '["i7"]', '["SW-00001-11N00","47-12187-0000"]'),
	('92-56078-P600', 'win10 IoT Enterprise CBB w/ Win7 x32-JP(i7)', 32, 'win10 w/ Win7', 'FES Windows', 2019, 'Professional', '["i7"]', '["SW-00001-10F00","47-12187-0000"]'),
	('92-56078-P700', 'win10 IoT Enterprise CBB w/ Win7 x64-JP(i7)', 64, 'win10 w/ Win7', 'FES Windows', 2019, 'Professional', '["i7"]', '["SW-00001-11F00","47-12187-0000"]'),
	('92-56078-P800', 'win10 IoT Enterprise CBB w/ Win7 x32-KOR(i7)', 32, 'win10 w/ Win7', 'FES Windows', 2019, 'Professional', '["i7"]', '["SW-00001-10O00","47-12187-0000"]'),
	('92-56078-P900', 'win10 IoT Enterprise CBB w/ Win7 x64-KOR(i7)', 64, 'win10 w/ Win7', 'FES Windows', 2019, 'Professional', '["i7"]', '["SW-00001-11O00","47-12187-0000"]'),
	('92-56079-P000', 'win10 IoT Enterprise LTSB w/ Win7 x32-ENG(ATOM)', 32, 'win10 w/ Win7', 'FES Windows', 2019, 'Professional', '["i3","i5","i7"]', '["SW-00001-10D00","47-12187-0000"]'),
	('92-56079-P100', 'win10 IoT Enterprise LTSB w/ Win7 x64-ENG(ATOM)', 64, 'win10 w/ Win7', 'FES Windows', 2019, 'Professional', '["i3","i5","i7"]', '["SW-00001-11D00","47-12187-0000"]'),
	('92-56079-P400', 'win10 IoT Enterprise LTSB w/ Win7 x32-ENG(i7)', 32, 'win10 w/ Win7', 'FES Windows', 2019, 'Professional', '["i7"]', '["SW-00001-10D00","47-12187-0000"]'),
	('92-56079-P500', 'win10 IoT Enterprise LTSB w/ Win7 x64-ENG(i7)', 64, 'win10 w/ Win7', 'FES Windows', 2019, 'Professional', '["i7"]', '["SW-00001-11D00","47-12187-0000"]'),
	('92-56083-2010', 'Win 10 Pro 64-bit-CHT', 64, 'Windows 10', 'FES Windows', 2019, 'Professional', '["i3","i5","i7","i9","Xeon"]', NULL),
	('92-56087-0010', 'Win10 IoT Ent LTSC 2019 Entry PKEA', 64, 'Windows 10', 'FES Windows', 2019, 'Enterprise', '["i7"]', NULL),
	('92-56087-1010', 'Win10 IoT Ent LTSC 2019 High End PKEA', 64, 'Windows 10', 'FES Windows', 2019, 'Enterprise', '["i7","i9", "Xeon"]', NULL),
	('92-56087-2010', 'Win10 IoT Ent LTSC 2019 Value PKEA', 64, 'Windows 10', 'FES Windows', 2019, 'Enterprise', '["i5", "i3", "Pentium", "Celeron"]', NULL),
	('92-56088-1010', 'Win10 IoT Ent LTSC 2019 High End(EPKEA)  ', 64, 'Windows 10', 'FES Windows', 2019, 'Enterprise', '["i7", "i9", "Xeon"]', '["SW-13010-1QB00"]'),
	('92-56088-2010', 'Win10 IoT Ent LTSC 2019 Value(EPKEA)', 64, 'Windows 10', 'FES Windows', 2019, 'Enterprise', '["i3","i5", "Pentium", "Celeron"]', '["SW-13010-1QB00"]'),
	('92-56094-0010', 'Win10 IoT Ent LTSC 2021 High End PKEA', 64, 'Windows 10', 'FES Windows', 2021, 'Enterprise', '["i7","i9"]', NULL),
	('92-56094-1010', 'Win10 IoT Ent LTSC 2021 High End ePKEA', 64, 'Windows 10', 'FES Windows', 2021, 'Enterprise', '["i7","i9"]', NULL),
	('92-56094-2010', 'Win10 IoT Ent LTSC 2021 Value PKEA', 64, 'Windows 10', 'FES Windows', 2021, 'Enterprise', '["i5", "i3", "Pentium", "Celeron"]', NULL),
	('92-56101-0010', 'Windows 11 IoT Enterprise High End PKEA', 64, 'Windows 11', 'FES Windows', 2023, 'Enterprise', '["i7","i9","Xeon"]', NULL),
	('92-56101-2010', 'Windows 11 IoT Enterprise Value PKEA', 64, 'Windows 11', 'FES Windows', 2023, 'Enterprise', '["i5", "i3", "Pentium", "Celeron"]', NULL),
	('SW-13010-1QB00', 'IMB-M45H Windows 10 IoT Ent 2019', 64, 'Windows 10_IMB-45', 'FES Windows', 2019, 'Professional', '["i3","i5","i7"]', NULL);

-- 傾印  資料表 ipc_part_config.psu 結構
CREATE TABLE IF NOT EXISTS `psu` (
  `item_no` varchar(20) NOT NULL,
  `product name` varchar(35) DEFAULT NULL,
  `watts` int(10) DEFAULT NULL,
  `need` longtext DEFAULT NULL,
  PRIMARY KEY (`item_no`),
  CONSTRAINT `need` CHECK (json_valid(`need`))
) ENGINE=InnoDB DEFAULT CHARSET=utf8mb3 COLLATE=utf8mb3_general_ci;

-- 正在傾印表格  ipc_part_config.psu 的資料：~8 rows (近似值)
REPLACE INTO `psu` (`item_no`, `product name`, `watts`, `need`) VALUES
	('31-01225-1020-A0', 'APS940XA-EPS12', 400, '["30-00001-0030"]'),
	('31-01230-0020', 'APS940XA-EPS12', 400, '["30-00001-0030"]'),
	('31-01234-0020-A0', 'APS950XA-EPS12', 500, '["30-00001-0030"]'),
	('31-01237-0020-A0', 'APS930XA-ATX12', 300, '["30-00001-0030"]'),
	('31-01238-1020-A0', 'APS960XA-EPS12', 600, '["30-00001-0030"]'),
	('31-01243-0000-A0', '750W, PS2 ATX', 750, '["30-00001-0030"]'),
	('31-01244-0000-A0', '1200W, PS2 ATX', 1200, '["30-00016-0000"]'),
	('31-32225-2000-A0', '500W, Flex ATX', 500, '["30-00001-0030"]');

-- 傾印  資料表 ipc_part_config.raid_box 結構
CREATE TABLE IF NOT EXISTS `raid_box` (
  `item_no` varchar(20) NOT NULL,
  `product name` varchar(45) DEFAULT NULL,
  `color` varchar(20) DEFAULT 'black',
  `disk size` varchar(8) DEFAULT NULL,
  `disk max num` int(10) DEFAULT NULL,
  `box size` longtext CHARACTER SET utf8mb4 COLLATE utf8mb4_bin DEFAULT NULL,
  PRIMARY KEY (`item_no`),
  CONSTRAINT `box size` CHECK (json_valid(`box size`))
) ENGINE=InnoDB DEFAULT CHARSET=utf8mb3 COLLATE=utf8mb3_general_ci;

-- 正在傾印表格  ipc_part_config.raid_box 的資料：~5 rows (近似值)
REPLACE INTO `raid_box` (`item_no`, `product name`, `color`, `disk size`, `disk max num`, `box size`) VALUES
	('29-043Q0-0000', 'SATA SSD/HDD RAID BOX 5.25", Black', 'black', '2.5/3.5', 2, '["5.25", 2]'),
	('29-043Q0-0010', 'SATA SSD/HDD(2.5") RAID BOX 5.25", Black', 'black', '2.5', 2, '["5.25", 1]'),
	('29-043R0-0000', 'ACT-ARS5013LN', 'black', '2.5', 3, '["5.25", 1]'),
	('29-043R0-0010', 'ACT-ARS5013LN', 'black', '3.5', 3, '["5.25", 2]'),
	('29-043R0-0020', 'SATA SSD/HDD(2.5") RAID BOX 5.25", Black', 'black', '2.5', 2, '["5.25", 1]');

-- 傾印  資料表 ipc_part_config.storage 結構
CREATE TABLE IF NOT EXISTS `storage` (
  `item_no` varchar(20) NOT NULL,
  `product name` varchar(50) DEFAULT NULL,
  `capacity` int(10) DEFAULT NULL,
  `size` varchar(5) DEFAULT NULL,
  `sata request` int(10) DEFAULT NULL,
  `sata cable request` int(10) DEFAULT NULL,
  `SSD/HDD` varchar(10) DEFAULT NULL,
  `Solution` varchar(20) DEFAULT NULL,
  PRIMARY KEY (`item_no`)
) ENGINE=InnoDB DEFAULT CHARSET=utf8mb3 COLLATE=utf8mb3_general_ci;

-- 正在傾印表格  ipc_part_config.storage 的資料：~86 rows (近似值)
REPLACE INTO `storage` (`item_no`, `product name`, `capacity`, `size`, `sata request`, `sata cable request`, `SSD/HDD`, `Solution`) VALUES
	('29-003A8-0130', 'WD10SPZX WD', 1000, '2.5', 0, 1, 'HDD', '裝機'),
	('29-01328-0350', 'Seagate, ST1000DM010  ', 1000, '3.5', 0, 1, 'HDD', '裝機'),
	('29-01328-0370', 'ST8000NM000A', 8000, '3.5', 0, 1, 'HDD', '企業'),
	('29-01328-0380', 'Seagate, ST12000NM001G  ', 12000, '3.5', 0, 1, 'HDD', '企業'),
	('29-01328-0390', 'Seagate, ST4000NE001', 4000, '3.5', 0, 1, 'HDD', NULL),
	('29-01328-0400', 'Seagate, ST4000NM002A', 4000, '3.5', 0, 1, 'HDD', '企業'),
	('29-01328-0410', 'Seagate, ST6000NM021A', 6000, '3.5', 0, 1, 'HDD', '企業'),
	('29-01398-0010', 'MG04ACA100N', 1000, '3.5', 0, 1, 'HDD', '企業'),
	('29-013A8-0110', 'WD10EZEX', 1000, '3.5', 0, 1, 'HDD', '裝機'),
	('29-013A8-0170', 'WD(SANDISK), WD20EZAZ', 2000, '3.5', 0, 1, 'HDD', '裝機'),
	('29-013A8-0180', 'HUS722T2TALA604', 2000, '3.5', 0, 1, 'HDD', '企業'),
	('29-013A8-0200', 'DC HA210', 1000, '3.5', 0, 1, 'HDD', '企業'),
	('29-013A8-0210', 'WD Ultrastar HUS726T4TALE6L4', 4000, '3.5', 0, 1, 'HDD', '企業'),
	('29-013A8-0220', 'HDD, SATA, 3.5", 26.1mm, 12TB, 7200RP', 12000, '3.5', 0, 1, 'HDD', '企業'),
	('29-013A8-0230', 'DC HC320', 8000, '3.5', 0, 1, 'HDD', '企業'),
	('29-422TB-4030', 'SSD-2TB 3D TLC', 2000, '2.5', 0, 1, 'SSD', NULL),
	('29-42J00-4200', 'SSD-128GB 3D TLC Indus', 128, '2.5', 0, 1, 'SSD', NULL),
	('29-42J00-4220', 'SSD-128GB TLC', 128, '2.5', 0, 1, 'SSD', NULL),
	('29-42J00-4240', 'SSD-128G SATA BiCS 5', 128, '2.5', 0, 1, 'SSD', NULL),
	('29-42N00-4180', 'SSD-256GB 2.5" SATA III 3D TLC', 256, '2.5', 0, 1, 'SSD', NULL),
	('29-42N00-4190', 'SSD-256G SATA 3D TLC', 256, '2.5', 0, 1, 'SSD', NULL),
	('29-42N00-4220', '2.5" SATA3 SSD, 256G, 3TE7, 3D TLC', 256, '2.5', 0, 1, 'SSD', NULL),
	('29-42N00-4250', 'SSD-256G SATA BiCS 5', 256, '2.5', 0, 1, 'SSD', NULL),
	('29-42N00-6040', 'Transcend,TS256FSTDM1500D', 256, '2.5', 0, 1, 'SSD', NULL),
	('29-42N00-6060', 'Transcend,TS256GSSD4-ADL', 256, '2.5', 0, 1, 'SSD', NULL),
	('29-42R00-4090', 'INNODISK,AS25B80C12QKX5-CT', 512, '2.5', 0, 1, 'SSD', NULL),
	('29-42R00-40D0', 'SSD-512GB SATA BiCS 5', 512, '2.5', 0, 1, 'SSD', NULL),
	('29-42R00-6040', 'Transcend, TS512GSSD4-ADL', 512, '2.5', 0, 1, 'SSD', NULL),
	('29-42W00-4050', 'INNODISK,AS25B8001TQKX5-CT', 1000, '2.5', 0, 1, 'SSD', NULL),
	('29-42W00-4080', '	SSD-1TB SATA BiCS 5', 1000, '2.5', 0, 1, 'SSD', NULL),
	('29-42W00-6010', 'Transcend,TS1TSSD4-ADL', 1000, '2.5', 0, 1, 'SSD', NULL),
	('29-42W00-6040', 'Transcend,TS1TSSD460K', 1000, '2.5', 0, 1, 'SSD', NULL),
	('29-42W00-N000', 'SSD-1TB BiCS 5', 1000, '2.5', 0, 1, 'SSD', NULL),
	('29-46R00-6060', 'Transcend, TS512GMTS960T', 512, '2280', 0, 0, 'SSD', NULL),
	('29-46W00-6010', 'Transcend, TS1TMTS960T', 1000, '2280', 0, 0, 'SSD', NULL),
	('29-56800-5010', 'DOM-8G-7V(SATA) MLC', 8, '39.4', 1, 0, 'SSD', NULL),
	('95-31400-7400', 'ASDSM8SHE-1TBT0', 1000, '2280', 0, 0, 'SSD', NULL),
	('95-32000-4000', 'SSB128GTTS7-SBA-4A', 128, '2.5', 0, 1, 'SSD', NULL),
	('95-32000-5000', '	SSB256GTTS7-SBD-4A  ', 256, '2.5', 0, 1, 'SSD', NULL),
	('95-32100-6200', 'SSB512GTLE9-SB2-4A', 512, '2.5', 0, 1, 'SSD', NULL),
	('95-32100-6300', 'SSB512GTLC9-SB2-4A', 512, '2.5', 0, 1, 'SSD', NULL),
	('95-32101-4300', '	SSB128GTLCG-SBD-2A', 128, '2.5', 0, 1, 'SSD', NULL),
	('95-32101-5300', 'SSB256GTLCG-SBD-2A', 256, '2.5', 0, 1, 'SSD', NULL),
	('95-32101-6300', 'SSB512GTLCG-SBD-2A', 512, '2.5', 0, 1, 'SSD', NULL),
	('95-32200-2400', 'ASDS25SHE-32GP0', 32, '2.5', 0, 1, 'SSD', NULL),
	('95-32200-2500', 'ASDS25SHI-32GP0', 32, '2.5', 0, 1, 'SSD', NULL),
	('95-32200-3400', 'ASDS25SHE-64GP0', 64, '2.5', 0, 1, 'SSD', NULL),
	('95-32200-3500', 'ASDS25SHI-64GP0', 64, '2.5', 0, 1, 'SSD', NULL),
	('95-32200-4400', 'ASDS25SHE-128GP0', 128, '2.5', 0, 1, 'SSD', NULL),
	('95-32200-4500', 'ASDS25SHI-128GP0', 128, '2.5', 0, 1, 'SSD', NULL),
	('95-32200-5200', 'SSB256GTUEG-SBD-4A  ', 256, '2.5', 0, 1, 'SSD', NULL),
	('95-32200-5400', 'ASDS25SHE-256GP0', 256, '2.5', 0, 1, 'SSD', NULL),
	('95-32200-5500', 'ASDS25SHI-256GP0', 256, '2.5', 0, 1, 'SSD', NULL),
	('95-32200-6400', 'ASDS25SHE-512GP0', 512, '2.5', 0, 1, 'SSD', NULL),
	('95-32200-6500', 'ASDS25SHI-512GP0', 512, '2.5', 0, 1, 'SSD', NULL),
	('95-32400-4100', 'ASDS25SHE-128GT0', 128, '2.5', 0, 1, 'SSD', NULL),
	('95-32400-4500', 'ASDS25SHI-128GT0', 128, '2.5', 0, 1, 'SSD', NULL),
	('95-32400-5100', 'ASDS25SHE-256GT0', 256, '2.5', 0, 1, 'SSD', NULL),
	('95-32400-5500', 'ASDS25SHI-256GT0', 256, '2.5', 0, 1, 'SSD', NULL),
	('95-32400-6100', 'ASDS25SHE-512GT0', 512, '2.5', 0, 1, 'SSD', NULL),
	('95-32400-6500', 'ASDS25SHI-512GT0', 512, '2.5', 0, 1, 'SSD', NULL),
	('95-32400-7100', 'ASDS25SHE-1TBT0', 1000, '2.5', 0, 1, 'SSD', NULL),
	('95-32400-7500', 'ASDS25SHI-1TBT0', 1000, '2.5', 0, 1, 'SSD', NULL),
	('95-32400-8100', 'ASDS25SHE-2TBT0', 2000, '2.5', 0, 1, 'SSD', NULL),
	('95-32400-8500', 'ASDS25SHI-2TBT0', 2000, '2.5', 0, 1, 'SSD', NULL),
	('95-35200-2100', 'ASDEM8EDE-32GP0', 32, '2280', 0, 0, 'SSD', NULL),
	('95-35200-2200', 'ASDEM8EDI-32GP0', 32, '2280', 0, 0, 'SSD', NULL),
	('95-35200-3100', 'ASDEM8EDE-64GP0', 64, '2280', 0, 0, 'SSD', NULL),
	('95-35200-3200', 'ASDEM8EDI-64GP0', 64, '2280', 0, 0, 'SSD', NULL),
	('95-35200-4100', 'ASDEM8EDE-128GP0', 128, '2280', 0, 0, 'SSD', NULL),
	('95-35200-4200', 'ASDEM8EDI-128GP0', 128, '2280', 0, 0, 'SSD', NULL),
	('95-35200-5100', 'ASDEM8EDE-256GP0', 256, '2280', 0, 0, 'SSD', NULL),
	('95-35200-5200', 'ASDEM8EDI-256GP0', 256, '2280', 0, 0, 'SSD', NULL),
	('95-35200-6100', 'ASDEM8EDE-512GP0', 512, '2280', 0, 0, 'SSD', NULL),
	('95-35200-6200', 'ASDEM8EDI-512GP0', 512, '2280', 0, 0, 'SSD', NULL),
	('95-35400-4100', 'ASDEM8EDE-128GT0', 128, '2280', 0, 0, 'SSD', NULL),
	('95-35400-4200', 'ASDEM8EDI-128GT0', 128, '2280', 0, 0, 'SSD', NULL),
	('95-35400-5100', 'ASDEM8EDE-256GT0', 256, '2280', 0, 0, 'SSD', NULL),
	('95-35400-5200', 'ASDEM8EDI-256GT0', 256, '2280', 0, 0, 'SSD', NULL),
	('95-35400-6100', 'ASDEM8EDE-512GT0', 512, '2280', 0, 0, 'SSD', NULL),
	('95-35400-6200', 'ASDEM8EDI-512GT0', 512, '2280', 0, 0, 'SSD', NULL),
	('95-35400-7100', 'ASDEM8EDE-1TBT0', 1000, '2280', 0, 0, 'SSD', NULL),
	('95-35400-7200', 'ASDEM8EDI-1TBT0', 1000, '2280', 0, 0, 'SSD', NULL),
	('95-35400-8100', 'ASDEM8EDE-2TBT0', 2000, '2280', 0, 0, 'SSD', NULL),
	('95-35400-8200', 'ASDEM8EDI-2TBT0', 2000, '2280', 0, 0, 'SSD', NULL),
	('95-35400-8F00', 'ASDEM8ELC-2TBT0', 2000, '2280', 0, 0, 'SSD', NULL);

-- 傾印  資料表 ipc_part_config.usb_com_cable 結構
CREATE TABLE IF NOT EXISTS `usb_com_cable` (
  `item_no` varchar(30) NOT NULL,
  `product name` varchar(90) DEFAULT NULL,
  `type` varchar(10) DEFAULT NULL,
  `rank` int(10) DEFAULT 1,
  `cable_pin` int(10) DEFAULT 0,
  `version` int(10) DEFAULT NULL,
  `only` longtext DEFAULT NULL,
  `unable` longtext DEFAULT NULL,
  PRIMARY KEY (`item_no`) USING BTREE,
  CONSTRAINT `only` CHECK (json_valid(`only`)),
  CONSTRAINT `unable` CHECK (json_valid(`unable`))
) ENGINE=InnoDB DEFAULT CHARSET=utf8mb4 COLLATE=utf8mb4_general_ci;

-- 正在傾印表格  ipc_part_config.usb_com_cable 的資料：~20 rows (近似值)
REPLACE INTO `usb_com_cable` (`item_no`, `product name`, `type`, `rank`, `cable_pin`, `version`, `only`, `unable`) VALUES
	('29-L0450-0000', '20pin to USB3.0 *2 module', 'usb', 1, 2, 3, NULL, NULL),
	('30-01052-2000', 'DVI-D CABLE with Bracket  ', 'cable', 1, 1, NULL, NULL, NULL),
	('30-21302-0000', 'USB 3.0 to USB 2.0(Male)', 'usb', 2, 2, 3, NULL, NULL),
	('30-22007-0000-A0', 'Wire, 1x4P(2.54) to 1x4P(2.5)(M)', 'extend', 0, 0, NULL, NULL, NULL),
	('30-25003-0020', 'COM1+COM2 to IDC 10P，L=230mm,pitch=2.54)', 'com', 1, 2, NULL, NULL, NULL),
	('30-25003-1000', 'COM1&COM2WB to IDC2.0/10P L=230mm,pitch=2.0', 'com', 1, 2, NULL, NULL, NULL),
	('30-25003-2100', 'COM cable 45cm pitch=2.0 ', 'com', 1, 1, NULL, NULL, NULL),
	('30-25003-3000', 'COM1+COM2 to 2-IDC 10P，L=450mm', 'com', 1, 2, NULL, NULL, NULL),
	('30-25003-5000-A0', 'COM1+COM2 to 2-IDC 10P，L=600mm', 'com', 1, 2, NULL, NULL, NULL),
	('30-25009-3000', 'USB2.0 x4 ports  to 2.54 2x5P, with bracket L=600mm', 'usb', 1, 4, 2, NULL, NULL),
	('30-25010-3010', 'USB2.0 A/F*2 to 2.54 2*5P-SH L=400mm(EA)', 'usb', 1, 2, 2, NULL, NULL),
	('30-25019-0010', 'Print port w/BKT,L=210mm', 'undisplay', 1, 1, NULL, NULL, NULL),
	('30-25046-0100', '2 Port USB 3.0 Cable,L=450mm_SH(EA)', 'usb', 1, 2, 3, NULL, '["59-41810-0000","59-41810-0100"]'),
	('30-25046-0110-A0', 'Wire, 2x10(2.0) to USB3.0 Type-A(F)x2', 'usb', 1, 2, 3, '["59-41810-0000","59-41810-0100"]', NULL),
	('30-25046-1100', '2 Port USB 3.0 Cable,right angle,W/Bracket(EA)', 'usb', 1, 2, 3, NULL, '["59-41810-0000","59-41810-0100"]'),
	('30-25116-0000-A0', 'Wire,2x5P(2.54)x2 to DB9P(M)x2_w/Bracket', 'com', 1, 2, NULL, '["95-13015-0000","95-13016-0000","95-13016-0010","95-13016-0020"]', NULL),
	('30-25305-0000-A0', 'Wire, 2x10(2.0)x2 to USB3.0 Type-A(F)x4', 'usb', 1, 4, 3, NULL, '["59-41810-0000","59-41810-0100"]'),
	('30-25305-0010-A0', 'Wire, 2x10(2.0)x2 to USB3.0 Type-A(F)x4', 'usb', 1, 4, 3, NULL, '["59-41810-0000","59-41810-0100"]'),
	('30-25305-0020-A0', 'Wire, 2x10(2.0)x2 to USB3.0 Type-A(F)x4', 'usb', 1, 4, 3, '["59-41810-0000","59-41810-0100"]', NULL),
	('30-25306-0000-A0', 'Wire Harness 2x5P(2.0mm) to DB9P(M)x2  ', 'com', 1, 1, NULL, NULL, NULL);

-- 傾印  資料表 ipc_part_config.us_power 結構
CREATE TABLE IF NOT EXISTS `us_power` (
  `item_no` varchar(50) NOT NULL,
  `product name` varchar(50) DEFAULT NULL,
  PRIMARY KEY (`item_no`) USING BTREE
) ENGINE=InnoDB DEFAULT CHARSET=utf8mb4 COLLATE=utf8mb4_general_ci;

-- 正在傾印表格  ipc_part_config.us_power 的資料：~2 rows (近似值)
REPLACE INTO `us_power` (`item_no`, `product name`) VALUES
	('30-00001-0030', 'US Power cord, C13, 125V/10A, 1830mm'),
	('30-00016-0000', 'US Power cord, C19, 125V/15A, 1830mm');

/*!40103 SET TIME_ZONE=IFNULL(@OLD_TIME_ZONE, 'system') */;
/*!40101 SET SQL_MODE=IFNULL(@OLD_SQL_MODE, '') */;
/*!40014 SET FOREIGN_KEY_CHECKS=IFNULL(@OLD_FOREIGN_KEY_CHECKS, 1) */;
/*!40101 SET CHARACTER_SET_CLIENT=@OLD_CHARACTER_SET_CLIENT */;
/*!40111 SET SQL_NOTES=IFNULL(@OLD_SQL_NOTES, 1) */;
